[
    {
        "id": "1",
        "producto": {
            "nombre": "Nike Revolution",
            "descripcion": "Suma más y más kilómetros con tus Zapatillas Nike Revolution 6 Next Nature, que aportan amortiguación y confort a cada paso que des. Su capellada transpirable y suela diseñada por computadora para una mejor tracción son ideales hasta para los corredores más exigentes."
        },
        "stock": 5,
        "image": "https://i.linio.com/p/07b6c1e8951ad96d2af447f072f2c686-product.jpg"
    },
    {
        "id": "2",
        "producto": {
            "nombre": "Puma Shuffle",
            "descripcion": "Las zapatillas Puma Shuffle ADP están confeccionadas en materiales sintéticos. De caña baja, con ajuste personalizado gracias al sistema de cordones, sus perforaciones le dan un estilo urbano que se fusiona con la inserción del logo PUMA N°1 y PUMA N°2 para que camines la calle de la ciudad con un calzado sofisticado."
        },
        "stock": 1,
        "image": "https://i.linio.com/p/5a9e8081a1c50c3568c50f52e7cd4f7f-product.jpg"
    },
    {
        "id": "3",
        "producto": {
            "nombre": "Adidas Coreracer",
            "descripcion": "Urbanas, livianas y frescas, las Zapatillas adidas Coreracer están pensadas para cumplir con las demandas de los corredores más exigentes. Su suela tiene un estabilizador de talón y su capellada es transpirable para mantener el confort que mereces durante todo tu trayecto."
        },
        "stock": 3,
        "image": "https://assets.adidas.com/images/w_600,f_auto,q_auto/3555f39afa8848388163ab8901280d2d_9366/Tenis_Coreracer_Blanco_FX3611.jpg"
    },
    {
        "id": "4",
        "producto": {
            "nombre": "Botines",
            "descripcion": "Suela de Goma El eje mide aproximadamente Ankle desde el arco Calidad y comodidad: el material de cuero suave y la suela trasera del talón Aldo Flex están diseñados para apoyo y estabilidad. Al aumentar el apoyo, hay menos tensión en cada paso. Esto significa más comodidad y más energía."
            
        },
        "stock": 3,
        "image": "https://www.springstep.com/240577-home_default/botas-para-ni%C3%B1a-marca-kidy-color-marron.jpg"
    },
    {
        "id": "5",
        "producto": {
            "nombre": "Tacones",
            "descripcion": "Salón de mujer de tamaño pequeño, efecto piel mate, color negro, con una altura de tacón de 7,5 cm, puntera puntiaguda, Oxana. Este modelo está disponible en piel mate o charol en 3 alturas de tacón: 9 cm o 7,5 cm o 5 cm. Para barnices: ver bombas Pony"
        },
        "stock": 4,
        "image": "https://petits-souliers.com/14368-large_default/salon-de-mujer-talla-pequena-tacones-de-75-cm-negro-oxana.jpg"
    },
    {
        "id": "6",
        "producto": {
            "nombre": "Tacones oficina",
            "descripcion": "Zapatos de tacón alto para mujer, calzado Sexy de Punta aterciopelada, tacones cuadrados, de fiesta, talla pequeña 33, 2020"
        },
        "stock": 2,
        "image": "https://ae01.alicdn.com/kf/H0f02d4e4f5f64c4988fc9033a5e9d66av/Zapatos-de-tac-n-alto-para-mujer-calzado-Sexy-de-Punta-aterciopelada-tacones-cuadrados-de-fiesta.jpg_Q90.jpg_.webp"
    }
]